<archive xmlns="http://rs.tdwg.org/dwc/text/" metadata="eml.xml">
  <core encoding="UTF-8" fieldsTerminatedBy="\t" linesTerminatedBy="\n" fieldsEnclosedBy="" ignoreHeaderLines="1" rowType="http://rs.tdwg.org/dwc/terms/Taxon">
    <files>
      <location>taxon.txt</location>
    </files>
    <id index="0" />
    <field index="1" term="http://rs.tdwg.org/dwc/terms/taxonID"/>
    <field index="2" term="http://rs.tdwg.org/dwc/terms/scientificName"/>
    <field index="3" term="http://rs.tdwg.org/dwc/terms/acceptedNameUsage"/>
    <field index="4" term="http://rs.tdwg.org/dwc/terms/kingdom"/>
    <field index="5" term="http://purl.org/dc/elements/1.1/language"/>
  </core>
  <extension encoding="UTF-8" fieldsTerminatedBy="\t" linesTerminatedBy="\n" fieldsEnclosedBy="" ignoreHeaderLines="1" rowType="http://purl.org/plic/terms/3.2.1/PlinianCore">
    <files>
      <location>pliniancore.txt</location>
    </files>
    <coreid index="0" />
    <field index="1" term="http://purl.org/plic/terms/TaxonRecordID"/>
    <field index="2" term="http://purl.org/plic/terms/Abstract"/>
    <field index="3" term="http://purl.org/plic/terms/Language"/>
    <field index="4" term="http://purl.org/plic/terms/SynonymsUnstructured"/>
    <field index="5" term="http://purl.org/plic/terms/FullDescriptionUnstructured"/>
    <field index="6" term="http://purl.org/plic/terms/LifeFormUnstructured"/>
    <field index="7" term="http://purl.org/plic/terms/ReproductionUnstructured"/>
    <field index="8" term="http://purl.org/plic/terms/BehaviorUnstructured"/>
    <field index="9" term="http://purl.org/plic/terms/EcologicalSignificanceUnstructured"/>
    <field index="10" term="http://purl.org/plic/terms/InvasivenessUnstructured"/>
    <field index="11" term="http://purl.org/plic/terms/HabitatUnstructured"/>
    <field index="12" term="http://purl.org/plic/terms/DistributionUnstructured"/>
    <field index="13" term="http://purl.org/plic/terms/EndemicUnstructured"/>
    <field index="14" term="http://purl.org/plic/terms/PopulationBiologyUnstructured"/>
    <field index="15" term="http://purl.org/plic/terms/ThreatStatusUnstructured"/>
    <field index="16" term="http://purl.org/plic/terms/UsesUnstructured"/>
    <field index="17" term="http://purl.org/plic/terms/ManagementAndConservationUnstructured"/>
  </extension>
</archive>
